	A	C	D	E	F	G	H	I	K	L	M	N	P	Q	R	S	T	V	W	Y
Tery_0454	0.0741	0.1111	0.0617	0.0494	0.0123	0.0741	0.0123	0.0494	0.0370	0.0617	0.0370	0.0000	0.0494	0.0247	0.0617	0.0741	0.0864	0.0741	0.0123	0.0370
Tery_0472	0.0374	0.0467	0.0654	0.0187	0.0467	0.0841	0.0000	0.0467	0.0374	0.1028	0.0280	0.0935	0.0280	0.0841	0.0467	0.0748	0.0280	0.0841	0.0000	0.0467
Tery_0579	0.0800	0.1067	0.0667	0.0933	0.0133	0.0667	0.0267	0.0667	0.0400	0.0400	0.0133	0.0533	0.0800	0.0267	0.0133	0.0267	0.0533	0.0933	0.0267	0.0133
Tery_0844	0.0412	0.0241	0.0309	0.0790	0.0344	0.0653	0.0172	0.0515	0.0653	0.1168	0.0137	0.0412	0.0722	0.0378	0.0515	0.0481	0.0722	0.0687	0.0241	0.0447
Tery_1022	0.1114	0.0159	0.0292	0.0477	0.0159	0.0690	0.0398	0.0955	0.0451	0.1353	0.0106	0.0318	0.0424	0.0584	0.0318	0.0796	0.0663	0.0451	0.0080	0.0212
Tery_1505	0.0746	0.0672	0.0448	0.0597	0.0299	0.0299	0.0149	0.0821	0.0448	0.1119	0.0149	0.0522	0.0522	0.0448	0.0597	0.0373	0.0672	0.0896	0.0075	0.0149
Tery_1532	0.0694	0.0243	0.0799	0.0625	0.0347	0.0868	0.0139	0.0590	0.0590	0.1076	0.0208	0.0347	0.0486	0.0139	0.0347	0.0556	0.0486	0.0938	0.0035	0.0486
Tery_1885	0.1010	0.0909	0.1111	0.0606	0.0303	0.0707	0.0202	0.0707	0.0606	0.0606	0.0303	0.0505	0.0202	0.0101	0.0404	0.0303	0.0606	0.0606	0.0101	0.0101
Tery_2878	0.0611	0.0116	0.0281	0.0413	0.0693	0.0677	0.0066	0.0941	0.0429	0.1238	0.0363	0.0462	0.0462	0.0413	0.0264	0.0825	0.0462	0.0875	0.0165	0.0248
Tery_3014	0.0914	0.0296	0.0469	0.0568	0.0272	0.0568	0.0148	0.0840	0.0716	0.1086	0.0074	0.0494	0.0444	0.0494	0.0296	0.0790	0.0469	0.0568	0.0173	0.0321
Tery_3951	0.0424	0.0424	0.0932	0.0254	0.0508	0.1102	0.0000	0.0339	0.0593	0.0763	0.0593	0.0254	0.0169	0.0678	0.0424	0.0847	0.0678	0.0593	0.0000	0.0424
Tery_4136	0.1149	0.0203	0.0541	0.0912	0.0236	0.0946	0.0135	0.0777	0.0473	0.0777	0.0338	0.0473	0.0304	0.0507	0.0574	0.0236	0.0473	0.0676	0.0000	0.0270
Tery_4137	0.0742	0.0144	0.0639	0.0722	0.0454	0.0948	0.0206	0.0660	0.0784	0.0536	0.0330	0.0392	0.0433	0.0289	0.0474	0.0495	0.0351	0.0742	0.0165	0.0495
Tery_4138	0.0723	0.0078	0.0625	0.0742	0.0527	0.0898	0.0234	0.0625	0.0586	0.0918	0.0234	0.0547	0.0449	0.0293	0.0410	0.0527	0.0605	0.0527	0.0117	0.0332
Tery_4144	0.0690	0.0431	0.0603	0.0517	0.0345	0.0776	0.0000	0.0603	0.0603	0.1121	0.0086	0.0431	0.0517	0.0517	0.0172	0.1034	0.0776	0.0517	0.0000	0.0259
Tery_4821	0.0617	0.0292	0.0357	0.0747	0.0195	0.0487	0.0292	0.0649	0.0812	0.0909	0.0195	0.0714	0.0487	0.0519	0.0455	0.0617	0.0422	0.0584	0.0292	0.0357
Tery_4970	0.0515	0.0103	0.0515	0.0722	0.0412	0.0309	0.0206	0.0722	0.0722	0.1031	0.0103	0.0619	0.0722	0.0309	0.0309	0.1237	0.0206	0.0515	0.0206	0.0515
